website,categories
devonandcornwallaesthetics.co.uk,Beauty
www.wavefront.systems,Business
www.cityhire.co.uk,Buildings
www.dcwhite.co.uk,Buildings
shop.acticareuk.com,Care_Home
www.washco.co.uk,Commercial_Washing
bcltimberprojects.co.uk,Construction
therebegiants.com,Business
carter-electrical.co.uk,Electrician
mortgagecentreonline.co.uk,Financial_Products
www.mbassociates.net,Financial_Products
navivva-splendid.com,Lifestyle
naturesfinestfoods.co.uk,Health
overcomingms.org,Health
www.bountyroaddental.co.uk,Health
www.freshairfitness.co.uk,Health
www.kensingtonsystems.co.uk,Health
www.polygondental.co.uk,Health
www.helirig.com,Business
winteraway.com,Holidays
pestgone.co.uk,Home_Improvement
www.as-landscapes.co.uk,Home_Improvement
www.loftplan.co.uk,Home_Improvement
www.lvfuelservices.co.uk,Home_Improvement
www.masoncast.co.uk,Home_Improvement
www.milesstone.co.uk,Home_Improvement
atmosphereit.co.uk,Business
evalian.co.uk,Business
swsweb.co.uk,Business
www.boatclubtrafalgar.com,Business
www.strategicproposals.com,Management_Consultants
airpacksystems.com,Business
frontpageadvantage.com,Marketing
www.simply-search.co.uk,Websites
musicradiocreative.com,Music
gerryoleary.com,Photography
www.freevacy.com,Privacy_Training
scentair.com,Retail_Premises
www.tensator.com,Retail_Premises
audaxsecurity.co.uk,Business
knightlinerexecutivetravel.co.uk,Business
www.berkeleycastleweddings.co.uk,Weddings
www.hedsor.com,Weddings
westerncars-horley.co.uk,Holidays
westerncars-horsham.co.uk,Holidays
www.fulfilmentservicesuk.co.uk,Business
dementiahelpuk.com,Health
www.ledfutureslighting.co.uk,Electrician
www.skiptonproperties.com,Buildings
www.yseski.co.uk,Holidays
cmpsolutions.ie,Manufacturing
eventsalbum.com,Weddings
www.completemerchandise.co.uk,General
www.ambergroup.co.uk,Business
www.pragmatic-consulting.co.uk,Business
www.lampspares.co.uk,Home_Improvement
www.spares2you.co.uk,Home_Improvement
azzigambling.com,Gambling
