website,source
www.poocrazy.com,Inbound email
www.moneytipsblog.co.uk,Inbound email
https://www.uknewsgroup.co.uk/,Inbound email
https://www.thethriftybride.co.uk,Fatjoe
www.testingtimeblog.com,Fatjoe
peterwynmosey.com,Fatjoe
felifamily.com,Fatjoe
annabelwrites.com,Fatjoe
www.rawrhubarb.co.uk,Fatjoe
alifeoflovely.com,Fatjoe
mmbmagazine.co.uk,Fatjoe
slashercareer.com,Fatjoe
thejournalix.com,Fatjoe
www.allthebeautifulthings.co.uk,Fatjoe
www.newvalleynews.co.uk,Fatjoe
www.jenloumeredith.com,Fatjoe
luckyattitude.co.uk,Fatjoe
morningbusinesschat.com,Fatjoe
www.practicalfrugality.com,Fatjoe
peggymay.co.uk,Fatjoe
5thingstodotoday.com,Fatjoe
clairemorandesigns.co.uk,Fatjoe
itsmechrissyj.co.uk,Fatjoe
thriftychap.com,Fatjoe
https://www.cybergeekgirl.co.uk,Fatjoe
www.StartSmarter.co.uk,Fatjoe
www.beemoneysavvy.com,Fatjoe
https://wemadethislife.com,Fatjoe
https://www.robinwaite.com,Fatjoe
www.hnmagazine.co.uk,Fatjoe
https://www.autumnsmummyblog.com,Fatjoe
www.learndeveloplive.com,Fatjoe
www.lifeloving.co.uk,Fatjoe
Www.lillaloves.com,Fatjoe
midwifeandlife.com,Fatjoe
www.thepennypincher.co.uk,Fatjoe
www.themammafairy.com,Fatjoe
https://www.keralpatel.com,Fatjoe
http://www.Jennyinneverland.com,Fatjoe
http://www.sashashantel.com,Fatjoe
www.karlismyunkle.com,Fatjoe
https://workingdaddy.co.uk,Fatjoe
http://www.hellowanderer.co.uk,Fatjoe
threelittlezees.co.uk,Fatjoe
Carouseldiary.com,Fatjoe
https://www.diydaddyblog.com/,Fatjoe
blossomeducation.co.uk,Fatjoe
Icenimagazine.co.uk,Fatjoe
Tacklingourdebt.com,Fatjoe
Www.mycarheaven.com,Fatjoe
https://www.beautiful-solutions.co.uk,Fatjoe
https://www.lingermagazine.com/,Fatjoe
https://businesspartnermagazine.com/,Fatjoe
www.ialwaysbelievedinfutures.com,Fatjoe
https://sorry-about-the-mess.co.uk,Fatjoe
www.spiritedpuddlejumper.com,Fatjoe
https://thisbrilliantday.com/,Fatjoe
beccafarrelly.co.uk,Fatjoe
https://rachelbustin.com,Fatjoe
https://alittleluxuryfor.me/,Fatjoe
https://hausmanmarketingletter.com,Fatjoe
https://justwebworld.com/,Fatjoe
https://www.loveemblog.com/,Fatjoe
https://www.Letstalkmommy.com,Fatjoe
Barbaraiweins.com,Inbound email
cocktailsinteacups.com,Inbound email
www.justeilidh.com,Inbound email
https://www.thediaryofajewellerylover.co.uk/,Inbound email
https://retro-vixen.com,Inbound email
www.ricecakesandraisins.co.uk,Inbound email
fashion-mommy.com,Inbound email
kateonthinice.com,Inbound email
https://simslife.co.uk,Fatjoe
www.clairemac.co.uk,Inbound email
https://www.wood-create.com,Inbound email
https://www.travelvixta.com,Inbound email
https://www.healthyvix.com,Inbound email
https://www.yeahlifestyle.com,Inbound email
Https://www.captainbobcat.com,Inbound email
www.therarewelshbit.com,Inbound email
https://stressedmum.co.uk,Inbound email
www.whingewhingewine.co.uk,Inbound email
Https://chillingwithlucas.com,Inbound email
Https://www.motherhoodtherealdeal.com,Inbound email
Intheplayroom.co.uk,Inbound email
Onyourjourney.co.uk,Inbound email
www.misstillyandme.co.uk,Inbound email
Https://www.arthurwears.com,Inbound email
https://blog.bay-bee.co.uk/,Inbound email
www.conversanttraveller.com,Inbound email
www.midlandstraveller.com,Inbound email
https://www.reallymissingsleep.com/,Inbound email
https://skinnedcartree.com,Inbound email
www.missmanypennies.com,Inbound email
https://leedaily.com/,Inbound email
www.emmaplusthree.com,Inbound email
https://www.mytunbridgewells.com/,Inbound email
www.suburban-mum.com,Inbound email
https://estateagentnetworking.co.uk/,Inbound email
https://marketme.co.uk/,Inbound email
https://www.mammaprada.com,Inbound email
Https://www.sparklesandstretchmarks.com,Inbound email
www.whererootsandwingsentwine.com,Inbound email
www.prettybigbutterflies.com,Inbound email
Https://rocknrollerbaby.co.uk,Inbound email
https://lukeosaurusandme.co.uk,Inbound email
Https://www.the-willowtree.com,Inbound email
www.wannabeprincess.co.uk,Facebook
https://realgirlswobble.com/,Facebook
https://bouquetandbells.com/,Facebook
www.laurakatelucas.com,Facebook
https://lablogbeaute.co.uk/,Facebook
https://www.joannavictoria.co.uk,Facebook
https://www.AAUBlog.com,Facebook
https://www.stylishlondonliving.co.uk/,Facebook
https://globalmousetravels.com,Facebook
https://amumreviews.co.uk/,Facebook
https://fadedspring.co.uk/,Facebook
https://www.dontcrampmystyle.co.uk,Facebook
https://glassofbubbly.com/,Inbound email
https://ukconstructionblog.co.uk/,Google Search
https://mymoneycottage.com,Facebook
tipsofbusiness.com,Facebook
www.tantrumstosmiles.co.uk,Facebook
https://www.chelseamamma.co.uk/,Facebook
Shalliespurplebeehive.com,Facebook
Modernguy.co.uk,Facebook
https://countryheartandhome.com/,Facebook
https://bizzimummy.com,Facebook
www.lthornberry.co.uk,Facebook
https://www.lyliarose.com,Facebook
https://www.bq-magazine.com,Facebook
https://arewenearlythereyet.co.uk/,Facebook
https://psychtimes.com/,Inbound email
https://www.scoopearth.com/,Inbound email
techbehindit.com,Inbound email
merchantcircle.com,Inbound email
timebusinessnews.com,Inbound email
ventsmagazine.com,Inbound email
original.newsbreak.com,Inbound email
wheon.com,Inbound email
fooyoh.com,Inbound email
tastefulspace.com,Inbound email
networkustad.com,Inbound email
filmdaily.co,Inbound email
atlnightspots.com,Inbound email
Gisuser.com,Inbound email
https://www.urbansplatter.com/,Inbound email
zomgcandy.com,Inbound email
marketbusinessnews.com,Inbound email
bignewsnetwork.com,Inbound email
http://techbullion.com,Inbound email
whatsnew2day.com,Inbound email
programminginsider.com,Inbound email
urbanmatter.com,Inbound email
http://techktimes.com/,Inbound email
https://spacecoastdaily.com/,Inbound email
digitalengineland.com,Inbound email
techacrobat.com,Inbound email
deskrush.com,Inbound email
azbigmedia.com,Inbound email
vizaca.com,Inbound email
startup.info,Inbound email
http://goodmenproject.com,Inbound email
swaay.com,Inbound email
http://underconstructionpage.com,Inbound email
apnews.com,Inbound email
retailtechinnovationhub.com,Inbound email
https://www.realwedding.co.uk,inbound email
https://www.realparent.co.uk,inbound email
https://www.pleasureprinciple.net,inbound email
https://www.earthlytaste.com,inbound email
https://lclarke.co.uk,inbound email
https://www.quick-house-sales.com,inbound email
https://www.contentmother.com,inbound email
https://www.rocketandrelish.com,inbound email
http://affectionatelypaws.com,inbound email
http://poppyandblush.com,inbound email
http://www.the-pudding.com,inbound email
https://www.twinmummyanddaddy.com/,another blogger
https://entrepreneursbreak.com/,inbound email
http://www.packthepjs.com/,Fatjoe
ibtimes.co.uk,inbound email
www.gudstory.com,Inbound Sam
www.digitaljournal.com,Inbound Sam
thefrisky.com,Inbound Sam
computertechreviews.com,Inbound Sam
www.abcmoney.co.uk,Inbound Sam
theedinburghreporter.co.uk,Inbound Sam
www.theexeterdaily.co.uk,Inbound Sam
www.thedevondaily.co.uk,Inbound Sam
www.greenunion.co.uk,Inbound Sam
mikemyers.co.uk,Inbound Sam
www.welshmum.co.uk,Inbound Sam
enjoytheadventure.co.uk,Inbound Sam
anythinggoeslifestyle.co.uk,Inbound Sam
gonetravelling.co.uk,Inbound Sam
www.lifestyledaily.co.uk,Inbound Sam
www.pat.org.uk,Inbound Sam
www.fashioncapital.co.uk,Inbound Sam
explorersagainstextinction.co.uk,Inbound Sam
newsfromwales.co.uk,Inbound Sam
www.westlondonliving.co.uk,Inbound Sam
talk-retail.co.uk,Inbound Sam
eagle.co.ug,Inbound Sam
toddleabout.co.uk,Inbound Sam
healthylifeessex.co.uk,Inbound Sam
www.glasgowarchitecture.co.uk,Inbound Sam
powderrooms.co.uk,Inbound Sam
www.edinburgharchitecture.co.uk,Inbound Sam
www.calculator.co.uk,Inbound Sam
www.thefoodaholic.co.uk,Inbound Sam
www.tobecomemum.co.uk,Inbound Sam
www.travel-bugs.co.uk,Inbound Sam
www.thegardeningwebsite.co.uk,Inbound Sam
www.interestingfacts.org.uk,Inbound Sam
www.ukcaravanrental.co.uk,Inbound Sam
www.cyclingscot.co.uk,Inbound Sam
www.davidsavage.co.uk,Inbound Sam
izzydabbles.co.uk,Inbound Sam
altcoininvestor.com,Inbound Sam
www.daytradetheworld.com,Inbound Sam
www.travelbeginsat40.com,Inbound Sam
www.traveldailynews.com,Inbound Sam
www.puretravel.com,Inbound Sam
ourculturemag.com,Inbound Sam
cubeduel.com,Inbound Sam
houseofcoco.net,Inbound Sam
www.tech-wonders.com,Inbound Sam
www.businessmanchester.co.uk,Inbound Sam
www.varsity.co.uk,Inbound Sam
craigmurray.co.uk,Inbound Sam
saddind.co.uk,Inbound Sam
ukbusinessforums.co.uk,Inbound Sam
hildenbrewing.com,Inbound Sam
technoloss.com,Inbound Sam
4howtodo.com,Inbound Sam
Tamilworlds.com,Inbound Sam
www.otsnews.co.uk,Inbound Sam
